取得日,サイト,モデル,色,容量(GB),バッテリー(%),元ランク,SIM,利用制限,価格(円),送料(円),URL,備考
2026/09/28,Apple整備品,iPhone 15 Plus,ブラック,128,100,整備済製品,SIMフリー,○,114800,0,https://www.apple.com/jp/shop/product/fu083j/a/iphone-15-plus-128gb-%E3%83%96%E3%83%A9%E3%83%83%E3%82%AF-SIM%E3%83%95%E3%83%AA%E3%83%BC-%E6%95%B4%E5%82%99%E6%B8%88%E8%A3%BD%E5%93%81?fnode=ae5a39a9e077b0faf6184934fad33abbc511c61365eaa378ec48b8a86092124d5bb7b4db8ed26eedee133d637ba3df2a2d51b9b96a4424fc60bca8e963c5d9b00f8b43b768217423f0155cbb9b65c3da50e10a63b0c0a9181b5145856c9df825,
2026/09/28,Apple整備品,iPhone 15 Plus,ブルー,128,100,整備済製品,SIMフリー,○,114800,0,https://www.apple.com/jp/shop/product/fu0d3j/a/iphone-15-plus-128gb-%E3%83%96%E3%83%AB%E3%83%BC-SIM%E3%83%95%E3%83%AA%E3%83%BC-%E6%95%B4%E5%82%99%E6%B8%88%E8%A3%BD%E5%93%81?fnode=ae5a39a9e077b0faf6184934fad33abbc511c61365eaa378ec48b8a86092124d5bb7b4db8ed26eedee133d637ba3df2a2d51b9b96a4424fc60bca8e963c5d9b00f8b43b768217423f0155cbb9b65c3da50e10a63b0c0a9181b5145856c9df825,
2026/09/28,Apple整備品,iPhone 15 Plus,グリーン,128,100,整備済製品,SIMフリー,○,114800,0,https://www.apple.com/jp/shop/product/fu0e3j/a/iphone-15-plus-128gb-%E3%82%B0%E3%83%AA%E3%83%BC%E3%83%B3-SIM%E3%83%95%E3%83%AA%E3%83%BC-%E6%95%B4%E5%82%99%E6%B8%88%E8%A3%BD%E5%93%81?fnode=ae5a39a9e077b0faf6184934fad33abbc511c61365eaa378ec48b8a86092124d5bb7b4db8ed26eedee133d637ba3df2a2d51b9b96a4424fc60bca8e963c5d9b00f8b43b768217423f0155cbb9b65c3da50e10a63b0c0a9181b5145856c9df825,
2026/09/28,Apple整備品,iPhone 15 Pro,ブラックチタニウム,128,100,整備済製品,SIMフリー,○,119800,0,https://www.apple.com/jp/shop/product/ftu73j/a/iphone-15-pro-128gb-%E3%83%96%E3%83%A9%E3%83%83%E3%82%AF%E3%83%81%E3%82%BF%E3%83%8B%E3%82%A6%E3%83%A0-SIM%E3%83%95%E3%83%AA%E3%83%BC-%E6%95%B4%E5%82%99%E6%B8%88%E8%A3%BD%E5%93%81?fnode=ae5a39a9e077b0faf6184934fad33abbc511c61365eaa378ec48b8a86092124d5bb7b4db8ed26eedee133d637ba3df2a2d51b9b96a4424fc60bca8e963c5d9b00f8b43b768217423f0155cbb9b65c3da50e10a63b0c0a9181b5145856c9df825,
2026/09/28,Apple整備品,iPhone 15 Pro,ナチュラルチタニウム,128,100,整備済製品,SIMフリー,○,119800,0,https://www.apple.com/jp/shop/product/ftu93j/a/iphone-15-pro-128gb-%E3%83%8A%E3%83%81%E3%83%A5%E3%83%A9%E3%83%AB%E3%83%81%E3%82%BF%E3%83%8B%E3%82%A6%E3%83%A0-SIM%E3%83%95%E3%83%AA%E3%83%BC-%E6%95%B4%E5%82%99%E6%B8%88%E8%A3%BD%E5%93%81?fnode=ae5a39a9e077b0faf6184934fad33abbc511c61365eaa378ec48b8a86092124d5bb7b4db8ed26eedee133d637ba3df2a2d51b9b96a4424fc60bca8e963c5d9b00f8b43b768217423f0155cbb9b65c3da50e10a63b0c0a9181b5145856c9df825,
2026/09/28,Apple整備品,iPhone 15 Pro,ブルーチタニウム,128,100,整備済製品,SIMフリー,○,119800,0,https://www.apple.com/jp/shop/product/ftua3j/a/iphone-15-pro-128gb-%E3%83%96%E3%83%AB%E3%83%BC%E3%83%81%E3%82%BF%E3%83%8B%E3%82%A6%E3%83%A0-SIM%E3%83%95%E3%83%AA%E3%83%BC-%E6%95%B4%E5%82%99%E6%B8%88%E8%A3%BD%E5%93%81?fnode=ae5a39a9e077b0faf6184934fad33abbc511c61365eaa378ec48b8a86092124d5bb7b4db8ed26eedee133d637ba3df2a2d51b9b96a4424fc60bca8e963c5d9b00f8b43b768217423f0155cbb9b65c3da50e10a63b0c0a9181b5145856c9df825,
2026/09/28,Apple整備品,iPhone 15 Plus,ピンク,256,100,整備済製品,SIMフリー,○,126800,0,https://www.apple.com/jp/shop/product/fu0h3j/a/iphone-15-plus-256gb-%E3%83%94%E3%83%B3%E3%82%AF-SIM%E3%83%95%E3%83%AA%E3%83%BC-%E6%95%B4%E5%82%99%E6%B8%88%E8%A3%BD%E5%93%81?fnode=ae5a39a9e077b0faf6184934fad33abbc511c61365eaa378ec48b8a86092124d5bb7b4db8ed26eedee133d637ba3df2a2d51b9b96a4424fc60bca8e963c5d9b00f8b43b768217423f0155cbb9b65c3da50e10a63b0c0a9181b5145856c9df825,
2026/09/28,Apple整備品,iPhone 15 Plus,イエロー,256,100,整備済製品,SIMフリー,○,126800,0,https://www.apple.com/jp/shop/product/fu0j3j/a/iphone-15-plus-256gb-%E3%82%A4%E3%82%A8%E3%83%AD%E3%83%BC-SIM%E3%83%95%E3%83%AA%E3%83%BC-%E6%95%B4%E5%82%99%E6%B8%88%E8%A3%BD%E5%93%81?fnode=ae5a39a9e077b0faf6184934fad33abbc511c61365eaa378ec48b8a86092124d5bb7b4db8ed26eedee133d637ba3df2a2d51b9b96a4424fc60bca8e963c5d9b00f8b43b768217423f0155cbb9b65c3da50e10a63b0c0a9181b5145856c9df825,
2026/09/28,Apple整備品,iPhone 15 Plus,グリーン,256,100,整備済製品,SIMフリー,○,126800,0,https://www.apple.com/jp/shop/product/fu0q3j/a/iphone-15-plus-256gb-%E3%82%B0%E3%83%AA%E3%83%BC%E3%83%B3-SIM%E3%83%95%E3%83%AA%E3%83%BC-%E6%95%B4%E5%82%99%E6%B8%88%E8%A3%BD%E5%93%81?fnode=ae5a39a9e077b0faf6184934fad33abbc511c61365eaa378ec48b8a86092124d5bb7b4db8ed26eedee133d637ba3df2a2d51b9b96a4424fc60bca8e963c5d9b00f8b43b768217423f0155cbb9b65c3da50e10a63b0c0a9181b5145856c9df825,
2026/09/28,Apple整備品,iPhone 15 Pro,ブラックチタニウム,256,100,整備済製品,SIMフリー,○,134800,0,https://www.apple.com/jp/shop/product/ftuc3j/a/iphone-15-pro-256gb-%E3%83%96%E3%83%A9%E3%83%83%E3%82%AF%E3%83%81%E3%82%BF%E3%83%8B%E3%82%A6%E3%83%A0-SIM%E3%83%95%E3%83%AA%E3%83%BC-%E6%95%B4%E5%82%99%E6%B8%88%E8%A3%BD%E5%93%81?fnode=ae5a39a9e077b0faf6184934fad33abbc511c61365eaa378ec48b8a86092124d5bb7b4db8ed26eedee133d637ba3df2a2d51b9b96a4424fc60bca8e963c5d9b00f8b43b768217423f0155cbb9b65c3da50e10a63b0c0a9181b5145856c9df825,
2026/09/28,Apple整備品,iPhone 15 Pro,ホワイトチタニウム,256,100,整備済製品,SIMフリー,○,134800,0,https://www.apple.com/jp/shop/product/ftud3j/a/iphone-15-pro-256gb-%E3%83%9B%E3%83%AF%E3%82%A4%E3%83%88%E3%83%81%E3%82%BF%E3%83%8B%E3%82%A6%E3%83%A0-SIM%E3%83%95%E3%83%AA%E3%83%BC-%E6%95%B4%E5%82%99%E6%B8%88%E8%A3%BD%E5%93%81?fnode=ae5a39a9e077b0faf6184934fad33abbc511c61365eaa378ec48b8a86092124d5bb7b4db8ed26eedee133d637ba3df2a2d51b9b96a4424fc60bca8e963c5d9b00f8b43b768217423f0155cbb9b65c3da50e10a63b0c0a9181b5145856c9df825,
2026/09/28,Apple整備品,iPhone 15 Pro,ナチュラルチタニウム,256,100,整備済製品,SIMフリー,○,134800,0,https://www.apple.com/jp/shop/product/ftuf3j/a/iphone-15-pro-256gb-%E3%83%8A%E3%83%81%E3%83%A5%E3%83%A9%E3%83%AB%E3%83%81%E3%82%BF%E3%83%8B%E3%82%A6%E3%83%A0-SIM%E3%83%95%E3%83%AA%E3%83%BC-%E6%95%B4%E5%82%99%E6%B8%88%E8%A3%BD%E5%93%81?fnode=ae5a39a9e077b0faf6184934fad33abbc511c61365eaa378ec48b8a86092124d5bb7b4db8ed26eedee133d637ba3df2a2d51b9b96a4424fc60bca8e963c5d9b00f8b43b768217423f0155cbb9b65c3da50e10a63b0c0a9181b5145856c9df825,
2026/09/28,Apple整備品,iPhone 15,ブラック,512,100,整備済製品,SIMフリー,○,142800,0,https://www.apple.com/jp/shop/product/ftmu3j/a/iphone-15-512gb-%E3%83%96%E3%83%A9%E3%83%83%E3%82%AF-SIM%E3%83%95%E3%83%AA%E3%83%BC-%E6%95%B4%E5%82%99%E6%B8%88%E8%A3%BD%E5%93%81?fnode=ae5a39a9e077b0faf6184934fad33abbc511c61365eaa378ec48b8a86092124d5bb7b4db8ed26eedee133d637ba3df2a2d51b9b96a4424fc60bca8e963c5d9b00f8b43b768217423f0155cbb9b65c3da50e10a63b0c0a9181b5145856c9df825,
2026/09/28,Apple整備品,iPhone 15,イエロー,512,100,整備済製品,SIMフリー,○,142800,0,https://www.apple.com/jp/shop/product/ftmw3j/a/iphone-15-512gb-%E3%82%A4%E3%82%A8%E3%83%AD%E3%83%BC-SIM%E3%83%95%E3%83%AA%E3%83%BC-%E6%95%B4%E5%82%99%E6%B8%88%E8%A3%BD%E5%93%81?fnode=ae5a39a9e077b0faf6184934fad33abbc511c61365eaa378ec48b8a86092124d5bb7b4db8ed26eedee133d637ba3df2a2d51b9b96a4424fc60bca8e963c5d9b00f8b43b768217423f0155cbb9b65c3da50e10a63b0c0a9181b5145856c9df825,
2026/09/28,Apple整備品,iPhone 15 Pro Max,ブラックチタニウム,256,100,整備済製品,SIMフリー,○,151800,0,https://www.apple.com/jp/shop/product/fu6p3j/a/iphone-15-pro-max-256gb-%E3%83%96%E3%83%A9%E3%83%83%E3%82%AF%E3%83%81%E3%82%BF%E3%83%8B%E3%82%A6%E3%83%A0-SIM%E3%83%95%E3%83%AA%E3%83%BC-%E6%95%B4%E5%82%99%E6%B8%88%E8%A3%BD%E5%93%81?fnode=ae5a39a9e077b0faf6184934fad33abbc511c61365eaa378ec48b8a86092124d5bb7b4db8ed26eedee133d637ba3df2a2d51b9b96a4424fc60bca8e963c5d9b00f8b43b768217423f0155cbb9b65c3da50e10a63b0c0a9181b5145856c9df825,
2026/09/28,Apple整備品,iPhone 15 Pro Max,ホワイトチタニウム,256,100,整備済製品,SIMフリー,○,151800,0,https://www.apple.com/jp/shop/product/fu6q3j/a/iphone-15-pro-max-256gb-%E3%83%9B%E3%83%AF%E3%82%A4%E3%83%88%E3%83%81%E3%82%BF%E3%83%8B%E3%82%A6%E3%83%A0-SIM%E3%83%95%E3%83%AA%E3%83%BC-%E6%95%B4%E5%82%99%E6%B8%88%E8%A3%BD%E5%93%81?fnode=ae5a39a9e077b0faf6184934fad33abbc511c61365eaa378ec48b8a86092124d5bb7b4db8ed26eedee133d637ba3df2a2d51b9b96a4424fc60bca8e963c5d9b00f8b43b768217423f0155cbb9b65c3da50e10a63b0c0a9181b5145856c9df825,
2026/09/28,Apple整備品,iPhone 15 Pro Max,ナチュラルチタニウム,256,100,整備済製品,SIMフリー,○,151800,0,https://www.apple.com/jp/shop/product/fu6r3j/a/iphone-15-pro-max-256gb-%E3%83%8A%E3%83%81%E3%83%A5%E3%83%A9%E3%83%AB%E3%83%81%E3%82%BF%E3%83%8B%E3%82%A6%E3%83%A0-SIM%E3%83%95%E3%83%AA%E3%83%BC-%E6%95%B4%E5%82%99%E6%B8%88%E8%A3%BD%E5%93%81?fnode=ae5a39a9e077b0faf6184934fad33abbc511c61365eaa378ec48b8a86092124d5bb7b4db8ed26eedee133d637ba3df2a2d51b9b96a4424fc60bca8e963c5d9b00f8b43b768217423f0155cbb9b65c3da50e10a63b0c0a9181b5145856c9df825,
2026/09/28,Apple整備品,iPhone 15 Pro Max,ブルーチタニウム,256,100,整備済製品,SIMフリー,○,151800,0,https://www.apple.com/jp/shop/product/fu6t3j/a/iphone-15-pro-max-256gb-%E3%83%96%E3%83%AB%E3%83%BC%E3%83%81%E3%82%BF%E3%83%8B%E3%82%A6%E3%83%A0-SIM%E3%83%95%E3%83%AA%E3%83%BC-%E6%95%B4%E5%82%99%E6%B8%88%E8%A3%BD%E5%93%81?fnode=ae5a39a9e077b0faf6184934fad33abbc511c61365eaa378ec48b8a86092124d5bb7b4db8ed26eedee133d637ba3df2a2d51b9b96a4424fc60bca8e963c5d9b00f8b43b768217423f0155cbb9b65c3da50e10a63b0c0a9181b5145856c9df825,
2026/09/28,Apple整備品,iPhone 15 Plus,ブラック,512,100,整備済製品,SIMフリー,○,156800,0,https://www.apple.com/jp/shop/product/fu0t3j/a/iphone-15-plus-512gb-%E3%83%96%E3%83%A9%E3%83%83%E3%82%AF-SIM%E3%83%95%E3%83%AA%E3%83%BC-%E6%95%B4%E5%82%99%E6%B8%88%E8%A3%BD%E5%93%81?fnode=ae5a39a9e077b0faf6184934fad33abbc511c61365eaa378ec48b8a86092124d5bb7b4db8ed26eedee133d637ba3df2a2d51b9b96a4424fc60bca8e963c5d9b00f8b43b768217423f0155cbb9b65c3da50e10a63b0c0a9181b5145856c9df825,
2026/09/28,Apple整備品,iPhone 15 Plus,ブルー,512,100,整備済製品,SIMフリー,○,156800,0,https://www.apple.com/jp/shop/product/fu0w3j/a/iphone-15-plus-512gb-%E3%83%96%E3%83%AB%E3%83%BC-SIM%E3%83%95%E3%83%AA%E3%83%BC-%E6%95%B4%E5%82%99%E6%B8%88%E8%A3%BD%E5%93%81?fnode=ae5a39a9e077b0faf6184934fad33abbc511c61365eaa378ec48b8a86092124d5bb7b4db8ed26eedee133d637ba3df2a2d51b9b96a4424fc60bca8e963c5d9b00f8b43b768217423f0155cbb9b65c3da50e10a63b0c0a9181b5145856c9df825,
2026/09/28,Apple整備品,iPhone 15 Pro,ブラックチタニウム,512,100,整備済製品,SIMフリー,○,163800,0,https://www.apple.com/jp/shop/product/ftuh3j/a/iphone-15-pro-512gb-%E3%83%96%E3%83%A9%E3%83%83%E3%82%AF%E3%83%81%E3%82%BF%E3%83%8B%E3%82%A6%E3%83%A0-SIM%E3%83%95%E3%83%AA%E3%83%BC-%E6%95%B4%E5%82%99%E6%B8%88%E8%A3%BD%E5%93%81?fnode=ae5a39a9e077b0faf6184934fad33abbc511c61365eaa378ec48b8a86092124d5bb7b4db8ed26eedee133d637ba3df2a2d51b9b96a4424fc60bca8e963c5d9b00f8b43b768217423f0155cbb9b65c3da50e10a63b0c0a9181b5145856c9df825,
2026/09/28,Apple整備品,iPhone 15 Pro Max,ブラックチタニウム,512,100,整備済製品,SIMフリー,○,181800,0,https://www.apple.com/jp/shop/product/fu6u3j/a/iphone-15-pro-max-512gb-%E3%83%96%E3%83%A9%E3%83%83%E3%82%AF%E3%83%81%E3%82%BF%E3%83%8B%E3%82%A6%E3%83%A0-SIM%E3%83%95%E3%83%AA%E3%83%BC-%E6%95%B4%E5%82%99%E6%B8%88%E8%A3%BD%E5%93%81?fnode=ae5a39a9e077b0faf6184934fad33abbc511c61365eaa378ec48b8a86092124d5bb7b4db8ed26eedee133d637ba3df2a2d51b9b96a4424fc60bca8e963c5d9b00f8b43b768217423f0155cbb9b65c3da50e10a63b0c0a9181b5145856c9df825,
2026/09/28,Apple整備品,iPhone 15 Pro Max,ホワイトチタニウム,512,100,整備済製品,SIMフリー,○,181800,0,https://www.apple.com/jp/shop/product/fu6v3j/a/iphone-15-pro-max-512gb-%E3%83%9B%E3%83%AF%E3%82%A4%E3%83%88%E3%83%81%E3%82%BF%E3%83%8B%E3%82%A6%E3%83%A0-SIM%E3%83%95%E3%83%AA%E3%83%BC-%E6%95%B4%E5%82%99%E6%B8%88%E8%A3%BD%E5%93%81?fnode=ae5a39a9e077b0faf6184934fad33abbc511c61365eaa378ec48b8a86092124d5bb7b4db8ed26eedee133d637ba3df2a2d51b9b96a4424fc60bca8e963c5d9b00f8b43b768217423f0155cbb9b65c3da50e10a63b0c0a9181b5145856c9df825,
2026/09/28,Apple整備品,iPhone 15 Pro Max,ナチュラルチタニウム,512,100,整備済製品,SIMフリー,○,181800,0,https://www.apple.com/jp/shop/product/fu6w3j/a/iphone-15-pro-max-512gb-%E3%83%8A%E3%83%81%E3%83%A5%E3%83%A9%E3%83%AB%E3%83%81%E3%82%BF%E3%83%8B%E3%82%A6%E3%83%A0-SIM%E3%83%95%E3%83%AA%E3%83%BC-%E6%95%B4%E5%82%99%E6%B8%88%E8%A3%BD%E5%93%81?fnode=ae5a39a9e077b0faf6184934fad33abbc511c61365eaa378ec48b8a86092124d5bb7b4db8ed26eedee133d637ba3df2a2d51b9b96a4424fc60bca8e963c5d9b00f8b43b768217423f0155cbb9b65c3da50e10a63b0c0a9181b5145856c9df825,
2026/09/28,Apple整備品,iPhone 15 Pro Max,ブルーチタニウム,512,100,整備済製品,SIMフリー,○,181800,0,https://www.apple.com/jp/shop/product/fu6x3j/a/iphone-15-pro-max-512gb-%E3%83%96%E3%83%AB%E3%83%BC%E3%83%81%E3%82%BF%E3%83%8B%E3%82%A6%E3%83%A0-SIM%E3%83%95%E3%83%AA%E3%83%BC-%E6%95%B4%E5%82%99%E6%B8%88%E8%A3%BD%E5%93%81?fnode=ae5a39a9e077b0faf6184934fad33abbc511c61365eaa378ec48b8a86092124d5bb7b4db8ed26eedee133d637ba3df2a2d51b9b96a4424fc60bca8e963c5d9b00f8b43b768217423f0155cbb9b65c3da50e10a63b0c0a9181b5145856c9df825,
2026/09/28,イオシス,iPhone 15,,128,,,,,12800,0,https://iosys.co.jp/guide/goods/buttery_iphone.html,
2026/09/28,イオシス,iPhone 15,,128,,,,,69800,0,https://iosys.co.jp/items/smartphone/iphone?q=iPhone15,
2026/09/28,イオシス,iPhone 15 Pro,ブラックチタニウム,128,,中古Bランク,SIMフリー,,107800,0,https://iosys.co.jp/items/smartphone/iphone?q=iPhone15,
2026/09/28,イオシス,iPhone 15 Pro Max,ブラックチタニウム,512,,中古Aランク,SIMフリー,,154800,0,https://iosys.co.jp/items/smartphone/iphone?q=iPhone15,
2026/09/28,イオシス,iPhone 15 Pro Max,ナチュラルチタニウム,512,,中古Aランク,SIMフリー,,154800,0,https://iosys.co.jp/items/smartphone/iphone?q=iPhone15,
2026/09/28,イオシス,iPhone 15,ピンク,128,,中古Aランク,SIMフリー,,87800,0,https://iosys.co.jp/items/smartphone/iphone?q=iPhone15,
2026/09/28,イオシス,iPhone 15,ピンク,256,,中古Aランク,SIMフリー,,97800,0,https://iosys.co.jp/items/smartphone/iphone?q=iPhone15,
2026/09/28,イオシス,iPhone 15,イエロー,256,,中古Aランク,SIMフリー,,97800,0,https://iosys.co.jp/items/smartphone/iphone?q=iPhone15,
2026/09/28,イオシス,iPhone 15 Pro,ナチュラルチタニウム,256,,中古Cランク,SIMフリー,,109800,0,https://iosys.co.jp/items/smartphone/iphone?q=iPhone15,
2026/09/28,イオシス,iPhone 15,ブラック,128,,中古Cランク,SIMフリー,,69800,0,https://iosys.co.jp/items/smartphone/iphone?q=iPhone15,
2026/09/28,イオシス,iPhone 15 Pro,ナチュラルチタニウム,512,,中古Aランク,SIMフリー,,139800,0,https://iosys.co.jp/items/smartphone/iphone?q=iPhone15,
2026/09/28,イオシス,iPhone 15 Pro,ホワイトチタニウム,512,,中古Aランク,SIMフリー,,139800,0,https://iosys.co.jp/items/smartphone/iphone?q=iPhone15,
2026/09/28,イオシス,iPhone 15,ブラック,256,,中古Cランク,SIMフリー,,79800,0,https://iosys.co.jp/items/smartphone/iphone?q=iPhone15,
2026/09/28,イオシス,iPhone 15 Pro,ナチュラルチタニウム,256,,中古Aランク,SIMフリー,,127800,0,https://iosys.co.jp/items/smartphone/iphone?q=iPhone15,
2026/09/28,イオシス,iPhone 15 Pro,ブラックチタニウム,256,,中古Bランク,SIMフリー,,119800,0,https://iosys.co.jp/items/smartphone/iphone?q=iPhone15,
2026/09/28,イオシス,iPhone 15,ブルー,128,,中古Aランク,SIMフリー,,87800,0,https://iosys.co.jp/items/smartphone/iphone?q=iPhone15,
2026/09/28,イオシス,iPhone 15,ブルー,256,,中古Bランク,SIMフリー,,92800,0,https://iosys.co.jp/items/smartphone/iphone?q=iPhone15,
2026/09/28,イオシス,iPhone 15 Pro Max,ブルーチタニウム,256,,中古Aランク,SIMフリー,,147800,0,https://iosys.co.jp/items/smartphone/iphone?q=iPhone15,
2026/09/28,イオシス,iPhone 15,ブルー,128,,中古Bランク,SIMフリー,,82800,0,https://iosys.co.jp/items/smartphone/iphone?q=iPhone15,
2026/09/28,イオシス,iPhone 15 Pro Max,ホワイトチタニウム,512,,中古Aランク,SIMフリー,,154800,0,https://iosys.co.jp/items/smartphone/iphone?q=iPhone15,
2026/09/28,イオシス,iPhone 15,イエロー,128,,中古Bランク,SIMフリー,,82800,0,https://iosys.co.jp/items/smartphone/iphone?q=iPhone15,
2026/09/28,イオシス,iPhone 15 Pro,ホワイトチタニウム,256,,中古Cランク,SIMフリー,,104800,0,https://iosys.co.jp/items/smartphone/iphone?q=iPhone15,
2026/09/28,イオシス,iPhone 15,グリーン,512,,中古Bランク,SIMフリー,,104800,0,https://iosys.co.jp/items/smartphone/iphone?q=iPhone15,
2026/09/28,イオシス,iPhone 15 Pro,ブラックチタニウム,256,,中古Cランク,SIMフリー,,109800,0,https://iosys.co.jp/items/smartphone/iphone?q=iPhone15,
2026/09/28,イオシス,iPhone 15 Pro Max,ブルーチタニウム,512,,中古Bランク,SIMフリー,,147800,0,https://iosys.co.jp/items/smartphone/iphone?q=iPhone15,
2026/09/28,イオシス,iPhone 15 Pro Max,ブラックチタニウム,256,,中古Aランク,SIMフリー,,147800,0,https://iosys.co.jp/items/smartphone/iphone?q=iPhone15,
2026/09/28,じゃんぱら,iPhone 15 Pro,,256,,,,,128980,0,https://www.janpara.co.jp/sale/search/detail/?SRCODE=49321831&SHPCODE=49&TYPE=,
2026/09/28,じゃんぱら,iPhone 15 Pro,,256,,,,,100980,0,https://www.janpara.co.jp/sale/search/detail/?SRCODE=219075701&SHPCODE=219&TYPE=,
2026/09/29,Apple整備品,iPhone 15 Plus,ブラック,128,100,整備済製品,SIMフリー,○,114800,0,https://www.apple.com/jp/shop/product/fu083j/a/iphone-15-plus-128gb-%E3%83%96%E3%83%A9%E3%83%83%E3%82%AF-SIM%E3%83%95%E3%83%AA%E3%83%BC-%E6%95%B4%E5%82%99%E6%B8%88%E8%A3%BD%E5%93%81?fnode=b09d2825c239a7723ac362a44c38d93637d8a9ffaf1d95b5040908ca0fb901a7de4b1f84ca36c3d7944da67c0138cde749989f1f999fb364c6cbadb9c652f7ffaa4b2f7122054b90098d286d03fccca9dc5c6949e247baa9b95ff24a5f378799,
2026/09/29,Apple整備品,iPhone 15 Plus,ブルー,128,100,整備済製品,SIMフリー,○,114800,0,https://www.apple.com/jp/shop/product/fu0d3j/a/iphone-15-plus-128gb-%E3%83%96%E3%83%AB%E3%83%BC-SIM%E3%83%95%E3%83%AA%E3%83%BC-%E6%95%B4%E5%82%99%E6%B8%88%E8%A3%BD%E5%93%81?fnode=b09d2825c239a7723ac362a44c38d93637d8a9ffaf1d95b5040908ca0fb901a7de4b1f84ca36c3d7944da67c0138cde749989f1f999fb364c6cbadb9c652f7ffaa4b2f7122054b90098d286d03fccca9dc5c6949e247baa9b95ff24a5f378799,
2026/09/29,Apple整備品,iPhone 15 Plus,グリーン,128,100,整備済製品,SIMフリー,○,114800,0,https://www.apple.com/jp/shop/product/fu0e3j/a/iphone-15-plus-128gb-%E3%82%B0%E3%83%AA%E3%83%BC%E3%83%B3-SIM%E3%83%95%E3%83%AA%E3%83%BC-%E6%95%B4%E5%82%99%E6%B8%88%E8%A3%BD%E5%93%81?fnode=b09d2825c239a7723ac362a44c38d93637d8a9ffaf1d95b5040908ca0fb901a7de4b1f84ca36c3d7944da67c0138cde749989f1f999fb364c6cbadb9c652f7ffaa4b2f7122054b90098d286d03fccca9dc5c6949e247baa9b95ff24a5f378799,
2026/09/29,Apple整備品,iPhone 15 Pro,ブラックチタニウム,128,100,整備済製品,SIMフリー,○,119800,0,https://www.apple.com/jp/shop/product/ftu73j/a/iphone-15-pro-128gb-%E3%83%96%E3%83%A9%E3%83%83%E3%82%AF%E3%83%81%E3%82%BF%E3%83%8B%E3%82%A6%E3%83%A0-SIM%E3%83%95%E3%83%AA%E3%83%BC-%E6%95%B4%E5%82%99%E6%B8%88%E8%A3%BD%E5%93%81?fnode=b09d2825c239a7723ac362a44c38d93637d8a9ffaf1d95b5040908ca0fb901a7de4b1f84ca36c3d7944da67c0138cde749989f1f999fb364c6cbadb9c652f7ffaa4b2f7122054b90098d286d03fccca9dc5c6949e247baa9b95ff24a5f378799,
2026/09/29,Apple整備品,iPhone 15 Pro,ナチュラルチタニウム,128,100,整備済製品,SIMフリー,○,119800,0,https://www.apple.com/jp/shop/product/ftu93j/a/iphone-15-pro-128gb-%E3%83%8A%E3%83%81%E3%83%A5%E3%83%A9%E3%83%AB%E3%83%81%E3%82%BF%E3%83%8B%E3%82%A6%E3%83%A0-SIM%E3%83%95%E3%83%AA%E3%83%BC-%E6%95%B4%E5%82%99%E6%B8%88%E8%A3%BD%E5%93%81?fnode=b09d2825c239a7723ac362a44c38d93637d8a9ffaf1d95b5040908ca0fb901a7de4b1f84ca36c3d7944da67c0138cde749989f1f999fb364c6cbadb9c652f7ffaa4b2f7122054b90098d286d03fccca9dc5c6949e247baa9b95ff24a5f378799,
2026/09/29,Apple整備品,iPhone 15 Pro,ブルーチタニウム,128,100,整備済製品,SIMフリー,○,119800,0,https://www.apple.com/jp/shop/product/ftua3j/a/iphone-15-pro-128gb-%E3%83%96%E3%83%AB%E3%83%BC%E3%83%81%E3%82%BF%E3%83%8B%E3%82%A6%E3%83%A0-SIM%E3%83%95%E3%83%AA%E3%83%BC-%E6%95%B4%E5%82%99%E6%B8%88%E8%A3%BD%E5%93%81?fnode=b09d2825c239a7723ac362a44c38d93637d8a9ffaf1d95b5040908ca0fb901a7de4b1f84ca36c3d7944da67c0138cde749989f1f999fb364c6cbadb9c652f7ffaa4b2f7122054b90098d286d03fccca9dc5c6949e247baa9b95ff24a5f378799,
2026/09/29,Apple整備品,iPhone 15 Pro,ブラックチタニウム,256,100,整備済製品,SIMフリー,○,134800,0,https://www.apple.com/jp/shop/product/ftuc3j/a/iphone-15-pro-256gb-%E3%83%96%E3%83%A9%E3%83%83%E3%82%AF%E3%83%81%E3%82%BF%E3%83%8B%E3%82%A6%E3%83%A0-SIM%E3%83%95%E3%83%AA%E3%83%BC-%E6%95%B4%E5%82%99%E6%B8%88%E8%A3%BD%E5%93%81?fnode=b09d2825c239a7723ac362a44c38d93637d8a9ffaf1d95b5040908ca0fb901a7de4b1f84ca36c3d7944da67c0138cde749989f1f999fb364c6cbadb9c652f7ffaa4b2f7122054b90098d286d03fccca9dc5c6949e247baa9b95ff24a5f378799,
2026/09/29,Apple整備品,iPhone 15 Pro,ナチュラルチタニウム,256,100,整備済製品,SIMフリー,○,134800,0,https://www.apple.com/jp/shop/product/ftuf3j/a/iphone-15-pro-256gb-%E3%83%8A%E3%83%81%E3%83%A5%E3%83%A9%E3%83%AB%E3%83%81%E3%82%BF%E3%83%8B%E3%82%A6%E3%83%A0-SIM%E3%83%95%E3%83%AA%E3%83%BC-%E6%95%B4%E5%82%99%E6%B8%88%E8%A3%BD%E5%93%81?fnode=b09d2825c239a7723ac362a44c38d93637d8a9ffaf1d95b5040908ca0fb901a7de4b1f84ca36c3d7944da67c0138cde749989f1f999fb364c6cbadb9c652f7ffaa4b2f7122054b90098d286d03fccca9dc5c6949e247baa9b95ff24a5f378799,
2026/09/29,Apple整備品,iPhone 15,ブラック,512,100,整備済製品,SIMフリー,○,142800,0,https://www.apple.com/jp/shop/product/ftmu3j/a/iphone-15-512gb-%E3%83%96%E3%83%A9%E3%83%83%E3%82%AF-SIM%E3%83%95%E3%83%AA%E3%83%BC-%E6%95%B4%E5%82%99%E6%B8%88%E8%A3%BD%E5%93%81?fnode=b09d2825c239a7723ac362a44c38d93637d8a9ffaf1d95b5040908ca0fb901a7de4b1f84ca36c3d7944da67c0138cde749989f1f999fb364c6cbadb9c652f7ffaa4b2f7122054b90098d286d03fccca9dc5c6949e247baa9b95ff24a5f378799,
2026/09/29,Apple整備品,iPhone 15,イエロー,512,100,整備済製品,SIMフリー,○,142800,0,https://www.apple.com/jp/shop/product/ftmw3j/a/iphone-15-512gb-%E3%82%A4%E3%82%A8%E3%83%AD%E3%83%BC-SIM%E3%83%95%E3%83%AA%E3%83%BC-%E6%95%B4%E5%82%99%E6%B8%88%E8%A3%BD%E5%93%81?fnode=b09d2825c239a7723ac362a44c38d93637d8a9ffaf1d95b5040908ca0fb901a7de4b1f84ca36c3d7944da67c0138cde749989f1f999fb364c6cbadb9c652f7ffaa4b2f7122054b90098d286d03fccca9dc5c6949e247baa9b95ff24a5f378799,
2026/09/29,Apple整備品,iPhone 15 Pro Max,ブラックチタニウム,256,100,整備済製品,SIMフリー,○,151800,0,https://www.apple.com/jp/shop/product/fu6p3j/a/iphone-15-pro-max-256gb-%E3%83%96%E3%83%A9%E3%83%83%E3%82%AF%E3%83%81%E3%82%BF%E3%83%8B%E3%82%A6%E3%83%A0-SIM%E3%83%95%E3%83%AA%E3%83%BC-%E6%95%B4%E5%82%99%E6%B8%88%E8%A3%BD%E5%93%81?fnode=b09d2825c239a7723ac362a44c38d93637d8a9ffaf1d95b5040908ca0fb901a7de4b1f84ca36c3d7944da67c0138cde749989f1f999fb364c6cbadb9c652f7ffaa4b2f7122054b90098d286d03fccca9dc5c6949e247baa9b95ff24a5f378799,
2026/09/29,Apple整備品,iPhone 15 Pro Max,ホワイトチタニウム,256,100,整備済製品,SIMフリー,○,151800,0,https://www.apple.com/jp/shop/product/fu6q3j/a/iphone-15-pro-max-256gb-%E3%83%9B%E3%83%AF%E3%82%A4%E3%83%88%E3%83%81%E3%82%BF%E3%83%8B%E3%82%A6%E3%83%A0-SIM%E3%83%95%E3%83%AA%E3%83%BC-%E6%95%B4%E5%82%99%E6%B8%88%E8%A3%BD%E5%93%81?fnode=b09d2825c239a7723ac362a44c38d93637d8a9ffaf1d95b5040908ca0fb901a7de4b1f84ca36c3d7944da67c0138cde749989f1f999fb364c6cbadb9c652f7ffaa4b2f7122054b90098d286d03fccca9dc5c6949e247baa9b95ff24a5f378799,
2026/09/29,Apple整備品,iPhone 15 Pro Max,ナチュラルチタニウム,256,100,整備済製品,SIMフリー,○,151800,0,https://www.apple.com/jp/shop/product/fu6r3j/a/iphone-15-pro-max-256gb-%E3%83%8A%E3%83%81%E3%83%A5%E3%83%A9%E3%83%AB%E3%83%81%E3%82%BF%E3%83%8B%E3%82%A6%E3%83%A0-SIM%E3%83%95%E3%83%AA%E3%83%BC-%E6%95%B4%E5%82%99%E6%B8%88%E8%A3%BD%E5%93%81?fnode=b09d2825c239a7723ac362a44c38d93637d8a9ffaf1d95b5040908ca0fb901a7de4b1f84ca36c3d7944da67c0138cde749989f1f999fb364c6cbadb9c652f7ffaa4b2f7122054b90098d286d03fccca9dc5c6949e247baa9b95ff24a5f378799,
2026/09/29,Apple整備品,iPhone 15 Pro Max,ブルーチタニウム,256,100,整備済製品,SIMフリー,○,151800,0,https://www.apple.com/jp/shop/product/fu6t3j/a/iphone-15-pro-max-256gb-%E3%83%96%E3%83%AB%E3%83%BC%E3%83%81%E3%82%BF%E3%83%8B%E3%82%A6%E3%83%A0-SIM%E3%83%95%E3%83%AA%E3%83%BC-%E6%95%B4%E5%82%99%E6%B8%88%E8%A3%BD%E5%93%81?fnode=b09d2825c239a7723ac362a44c38d93637d8a9ffaf1d95b5040908ca0fb901a7de4b1f84ca36c3d7944da67c0138cde749989f1f999fb364c6cbadb9c652f7ffaa4b2f7122054b90098d286d03fccca9dc5c6949e247baa9b95ff24a5f378799,
2026/09/29,Apple整備品,iPhone 15 Plus,ブラック,512,100,整備済製品,SIMフリー,○,156800,0,https://www.apple.com/jp/shop/product/fu0t3j/a/iphone-15-plus-512gb-%E3%83%96%E3%83%A9%E3%83%83%E3%82%AF-SIM%E3%83%95%E3%83%AA%E3%83%BC-%E6%95%B4%E5%82%99%E6%B8%88%E8%A3%BD%E5%93%81?fnode=b09d2825c239a7723ac362a44c38d93637d8a9ffaf1d95b5040908ca0fb901a7de4b1f84ca36c3d7944da67c0138cde749989f1f999fb364c6cbadb9c652f7ffaa4b2f7122054b90098d286d03fccca9dc5c6949e247baa9b95ff24a5f378799,
2026/09/29,Apple整備品,iPhone 15 Plus,ブルー,512,100,整備済製品,SIMフリー,○,156800,0,https://www.apple.com/jp/shop/product/fu0w3j/a/iphone-15-plus-512gb-%E3%83%96%E3%83%AB%E3%83%BC-SIM%E3%83%95%E3%83%AA%E3%83%BC-%E6%95%B4%E5%82%99%E6%B8%88%E8%A3%BD%E5%93%81?fnode=b09d2825c239a7723ac362a44c38d93637d8a9ffaf1d95b5040908ca0fb901a7de4b1f84ca36c3d7944da67c0138cde749989f1f999fb364c6cbadb9c652f7ffaa4b2f7122054b90098d286d03fccca9dc5c6949e247baa9b95ff24a5f378799,
2026/09/29,Apple整備品,iPhone 15 Pro,ブラックチタニウム,512,100,整備済製品,SIMフリー,○,163800,0,https://www.apple.com/jp/shop/product/ftuh3j/a/iphone-15-pro-512gb-%E3%83%96%E3%83%A9%E3%83%83%E3%82%AF%E3%83%81%E3%82%BF%E3%83%8B%E3%82%A6%E3%83%A0-SIM%E3%83%95%E3%83%AA%E3%83%BC-%E6%95%B4%E5%82%99%E6%B8%88%E8%A3%BD%E5%93%81?fnode=b09d2825c239a7723ac362a44c38d93637d8a9ffaf1d95b5040908ca0fb901a7de4b1f84ca36c3d7944da67c0138cde749989f1f999fb364c6cbadb9c652f7ffaa4b2f7122054b90098d286d03fccca9dc5c6949e247baa9b95ff24a5f378799,
2026/09/29,Apple整備品,iPhone 15 Pro Max,ブラックチタニウム,512,100,整備済製品,SIMフリー,○,181800,0,https://www.apple.com/jp/shop/product/fu6u3j/a/iphone-15-pro-max-512gb-%E3%83%96%E3%83%A9%E3%83%83%E3%82%AF%E3%83%81%E3%82%BF%E3%83%8B%E3%82%A6%E3%83%A0-SIM%E3%83%95%E3%83%AA%E3%83%BC-%E6%95%B4%E5%82%99%E6%B8%88%E8%A3%BD%E5%93%81?fnode=b09d2825c239a7723ac362a44c38d93637d8a9ffaf1d95b5040908ca0fb901a7de4b1f84ca36c3d7944da67c0138cde749989f1f999fb364c6cbadb9c652f7ffaa4b2f7122054b90098d286d03fccca9dc5c6949e247baa9b95ff24a5f378799,
2026/09/29,Apple整備品,iPhone 15 Pro Max,ホワイトチタニウム,512,100,整備済製品,SIMフリー,○,181800,0,https://www.apple.com/jp/shop/product/fu6v3j/a/iphone-15-pro-max-512gb-%E3%83%9B%E3%83%AF%E3%82%A4%E3%83%88%E3%83%81%E3%82%BF%E3%83%8B%E3%82%A6%E3%83%A0-SIM%E3%83%95%E3%83%AA%E3%83%BC-%E6%95%B4%E5%82%99%E6%B8%88%E8%A3%BD%E5%93%81?fnode=b09d2825c239a7723ac362a44c38d93637d8a9ffaf1d95b5040908ca0fb901a7de4b1f84ca36c3d7944da67c0138cde749989f1f999fb364c6cbadb9c652f7ffaa4b2f7122054b90098d286d03fccca9dc5c6949e247baa9b95ff24a5f378799,
2026/09/29,Apple整備品,iPhone 15 Pro Max,ナチュラルチタニウム,512,100,整備済製品,SIMフリー,○,181800,0,https://www.apple.com/jp/shop/product/fu6w3j/a/iphone-15-pro-max-512gb-%E3%83%8A%E3%83%81%E3%83%A5%E3%83%A9%E3%83%AB%E3%83%81%E3%82%BF%E3%83%8B%E3%82%A6%E3%83%A0-SIM%E3%83%95%E3%83%AA%E3%83%BC-%E6%95%B4%E5%82%99%E6%B8%88%E8%A3%BD%E5%93%81?fnode=b09d2825c239a7723ac362a44c38d93637d8a9ffaf1d95b5040908ca0fb901a7de4b1f84ca36c3d7944da67c0138cde749989f1f999fb364c6cbadb9c652f7ffaa4b2f7122054b90098d286d03fccca9dc5c6949e247baa9b95ff24a5f378799,
2026/09/29,Apple整備品,iPhone 15 Pro Max,ブルーチタニウム,512,100,整備済製品,SIMフリー,○,181800,0,https://www.apple.com/jp/shop/product/fu6x3j/a/iphone-15-pro-max-512gb-%E3%83%96%E3%83%AB%E3%83%BC%E3%83%81%E3%82%BF%E3%83%8B%E3%82%A6%E3%83%A0-SIM%E3%83%95%E3%83%AA%E3%83%BC-%E6%95%B4%E5%82%99%E6%B8%88%E8%A3%BD%E5%93%81?fnode=b09d2825c239a7723ac362a44c38d93637d8a9ffaf1d95b5040908ca0fb901a7de4b1f84ca36c3d7944da67c0138cde749989f1f999fb364c6cbadb9c652f7ffaa4b2f7122054b90098d286d03fccca9dc5c6949e247baa9b95ff24a5f378799,
2026/09/29,イオシス,iPhone 15,,128,,,,,10800,0,https://iosys.co.jp/guide/goods/buttery_iphone.html,
2026/09/29,イオシス,iPhone 15,,128,,,,,66800,0,https://iosys.co.jp/items/smartphone/iphone?q=iPhone15,
2026/09/29,イオシス,iPhone 15 Pro,ナチュラルチタニウム,256,,中古Aランク,SIMフリー,,127800,0,https://iosys.co.jp/items/smartphone/iphone?q=iPhone15,
2026/09/29,イオシス,iPhone 15 Plus,グリーン,512,,中古Bランク,SIMフリー,,102800,0,https://iosys.co.jp/items/smartphone/iphone?q=iPhone15,
2026/09/29,イオシス,iPhone 15,ピンク,256,,中古Aランク,SIMフリー,,97800,0,https://iosys.co.jp/items/smartphone/iphone?q=iPhone15,
2026/09/29,イオシス,iPhone 15,ブルー,256,,中古Aランク,SIMフリー,,97800,0,https://iosys.co.jp/items/smartphone/iphone?q=iPhone15,
2026/09/29,イオシス,iPhone 15 Pro Max,ブルーチタニウム,256,,中古Cランク,SIMフリー,,132800,0,https://iosys.co.jp/items/smartphone/iphone?q=iPhone15,
2026/09/29,イオシス,iPhone 15 Pro Max,ホワイトチタニウム,256,,中古Bランク,SIMフリー,,139800,0,https://iosys.co.jp/items/smartphone/iphone?q=iPhone15,
2026/09/29,イオシス,iPhone 15 Pro Max,ナチュラルチタニウム,256,,中古Cランク,SIMフリー,,132800,0,https://iosys.co.jp/items/smartphone/iphone?q=iPhone15,
2026/09/29,イオシス,iPhone 15 Pro Max,ブラックチタニウム,512,,中古Aランク,SIMフリー,,154800,0,https://iosys.co.jp/items/smartphone/iphone?q=iPhone15,
2026/09/29,イオシス,iPhone 15 Pro,ブラックチタニウム,128,,中古Bランク,SIMフリー,,107800,0,https://iosys.co.jp/items/smartphone/iphone?q=iPhone15,
2026/09/29,イオシス,iPhone 15 Pro,ナチュラルチタニウム,256,,中古Cランク,SIMフリー,,109800,0,https://iosys.co.jp/items/smartphone/iphone?q=iPhone15,
2026/09/29,イオシス,iPhone 15,ブルー,128,,中古Cランク,SIMフリー,,74800,0,https://iosys.co.jp/items/smartphone/iphone?q=iPhone15,
2026/09/29,イオシス,iPhone 15,イエロー,256,,中古Aランク,SIMフリー,,97800,0,https://iosys.co.jp/items/smartphone/iphone?q=iPhone15,
2026/09/29,イオシス,iPhone 15 Pro,ナチュラルチタニウム,128,,中古Aランク,SIMフリー,,114800,0,https://iosys.co.jp/items/smartphone/iphone?q=iPhone15,
2026/09/29,イオシス,iPhone 15 Pro Max,ナチュラルチタニウム,512,,中古Aランク,SIMフリー,,154800,0,https://iosys.co.jp/items/smartphone/iphone?q=iPhone15,
2026/09/29,イオシス,iPhone 15,ピンク,128,,中古Aランク,SIMフリー,,87800,0,https://iosys.co.jp/items/smartphone/iphone?q=iPhone15,
2026/09/29,イオシス,iPhone 15 Pro,ブラックチタニウム,128,,中古Aランク,SIMフリー,,114800,0,https://iosys.co.jp/items/smartphone/iphone?q=iPhone15,
2026/09/29,イオシス,iPhone 15,ブラック,128,,中古Cランク,SIMフリー,,69800,0,https://iosys.co.jp/items/smartphone/iphone?q=iPhone15,
2026/09/29,イオシス,iPhone 15,ブラック,256,,中古Cランク,SIMフリー,,79800,0,https://iosys.co.jp/items/smartphone/iphone?q=iPhone15,
2026/09/29,イオシス,iPhone 15 Pro,ブラックチタニウム,256,,中古Bランク,SIMフリー,,119800,0,https://iosys.co.jp/items/smartphone/iphone?q=iPhone15,
2026/09/29,イオシス,iPhone 15 Pro,ホワイトチタニウム,512,,中古Aランク,SIMフリー,,139800,0,https://iosys.co.jp/items/smartphone/iphone?q=iPhone15,
2026/09/29,イオシス,iPhone 15 Pro Max,ブルーチタニウム,256,,中古Aランク,SIMフリー,,147800,0,https://iosys.co.jp/items/smartphone/iphone?q=iPhone15,
2026/09/29,イオシス,iPhone 15 Pro,ブラックチタニウム,256,80,中古Bランク,SIMフリー,,100800,0,https://iosys.co.jp/items/smartphone/iphone?q=iPhone15,
2026/09/29,じゃんぱら,iPhone 15,,512,,,,,117980,0,https://www.janpara.co.jp/sale/search/detail/?SRCODE=57225234&SHPCODE=57&TYPE=,
2026/09/30,Apple整備品,iPhone 15 Plus,ブルー,128,100,整備済製品,SIMフリー,○,114800,0,https://www.apple.com/jp/shop/product/fu0d3j/a/iphone-15-plus-128gb-%E3%83%96%E3%83%AB%E3%83%BC-SIM%E3%83%95%E3%83%AA%E3%83%BC-%E6%95%B4%E5%82%99%E6%B8%88%E8%A3%BD%E5%93%81?fnode=b2a948053e6a7bb5674e9464c71a3b4a53d1c2899a412053122e344278f0b49aff5d8ea751f0ec274013854537c2b360833532d35fc193226205615b2877eba15cd80125d9e36d47308fc1fa2924d10ba89dc1120cd613ed4ba03a36816d14f1,
2026/09/30,Apple整備品,iPhone 15 Plus,グリーン,128,100,整備済製品,SIMフリー,○,114800,0,https://www.apple.com/jp/shop/product/fu0e3j/a/iphone-15-plus-128gb-%E3%82%B0%E3%83%AA%E3%83%BC%E3%83%B3-SIM%E3%83%95%E3%83%AA%E3%83%BC-%E6%95%B4%E5%82%99%E6%B8%88%E8%A3%BD%E5%93%81?fnode=b2a948053e6a7bb5674e9464c71a3b4a53d1c2899a412053122e344278f0b49aff5d8ea751f0ec274013854537c2b360833532d35fc193226205615b2877eba15cd80125d9e36d47308fc1fa2924d10ba89dc1120cd613ed4ba03a36816d14f1,
2026/09/30,Apple整備品,iPhone 15 Pro,ブラックチタニウム,128,100,整備済製品,SIMフリー,○,119800,0,https://www.apple.com/jp/shop/product/ftu73j/a/iphone-15-pro-128gb-%E3%83%96%E3%83%A9%E3%83%83%E3%82%AF%E3%83%81%E3%82%BF%E3%83%8B%E3%82%A6%E3%83%A0-SIM%E3%83%95%E3%83%AA%E3%83%BC-%E6%95%B4%E5%82%99%E6%B8%88%E8%A3%BD%E5%93%81?fnode=b2a948053e6a7bb5674e9464c71a3b4a53d1c2899a412053122e344278f0b49aff5d8ea751f0ec274013854537c2b360833532d35fc193226205615b2877eba15cd80125d9e36d47308fc1fa2924d10ba89dc1120cd613ed4ba03a36816d14f1,
2026/09/30,Apple整備品,iPhone 15 Pro,ナチュラルチタニウム,128,100,整備済製品,SIMフリー,○,119800,0,https://www.apple.com/jp/shop/product/ftu93j/a/iphone-15-pro-128gb-%E3%83%8A%E3%83%81%E3%83%A5%E3%83%A9%E3%83%AB%E3%83%81%E3%82%BF%E3%83%8B%E3%82%A6%E3%83%A0-SIM%E3%83%95%E3%83%AA%E3%83%BC-%E6%95%B4%E5%82%99%E6%B8%88%E8%A3%BD%E5%93%81?fnode=b2a948053e6a7bb5674e9464c71a3b4a53d1c2899a412053122e344278f0b49aff5d8ea751f0ec274013854537c2b360833532d35fc193226205615b2877eba15cd80125d9e36d47308fc1fa2924d10ba89dc1120cd613ed4ba03a36816d14f1,
2026/09/30,Apple整備品,iPhone 15 Pro,ブルーチタニウム,128,100,整備済製品,SIMフリー,○,119800,0,https://www.apple.com/jp/shop/product/ftua3j/a/iphone-15-pro-128gb-%E3%83%96%E3%83%AB%E3%83%BC%E3%83%81%E3%82%BF%E3%83%8B%E3%82%A6%E3%83%A0-SIM%E3%83%95%E3%83%AA%E3%83%BC-%E6%95%B4%E5%82%99%E6%B8%88%E8%A3%BD%E5%93%81?fnode=b2a948053e6a7bb5674e9464c71a3b4a53d1c2899a412053122e344278f0b49aff5d8ea751f0ec274013854537c2b360833532d35fc193226205615b2877eba15cd80125d9e36d47308fc1fa2924d10ba89dc1120cd613ed4ba03a36816d14f1,
2026/09/30,Apple整備品,iPhone 15 Pro,ブラックチタニウム,256,100,整備済製品,SIMフリー,○,134800,0,https://www.apple.com/jp/shop/product/ftuc3j/a/iphone-15-pro-256gb-%E3%83%96%E3%83%A9%E3%83%83%E3%82%AF%E3%83%81%E3%82%BF%E3%83%8B%E3%82%A6%E3%83%A0-SIM%E3%83%95%E3%83%AA%E3%83%BC-%E6%95%B4%E5%82%99%E6%B8%88%E8%A3%BD%E5%93%81?fnode=b2a948053e6a7bb5674e9464c71a3b4a53d1c2899a412053122e344278f0b49aff5d8ea751f0ec274013854537c2b360833532d35fc193226205615b2877eba15cd80125d9e36d47308fc1fa2924d10ba89dc1120cd613ed4ba03a36816d14f1,
2026/09/30,Apple整備品,iPhone 15 Pro,ナチュラルチタニウム,256,100,整備済製品,SIMフリー,○,134800,0,https://www.apple.com/jp/shop/product/ftuf3j/a/iphone-15-pro-256gb-%E3%83%8A%E3%83%81%E3%83%A5%E3%83%A9%E3%83%AB%E3%83%81%E3%82%BF%E3%83%8B%E3%82%A6%E3%83%A0-SIM%E3%83%95%E3%83%AA%E3%83%BC-%E6%95%B4%E5%82%99%E6%B8%88%E8%A3%BD%E5%93%81?fnode=b2a948053e6a7bb5674e9464c71a3b4a53d1c2899a412053122e344278f0b49aff5d8ea751f0ec274013854537c2b360833532d35fc193226205615b2877eba15cd80125d9e36d47308fc1fa2924d10ba89dc1120cd613ed4ba03a36816d14f1,
2026/09/30,Apple整備品,iPhone 15,ブラック,512,100,整備済製品,SIMフリー,○,142800,0,https://www.apple.com/jp/shop/product/ftmu3j/a/iphone-15-512gb-%E3%83%96%E3%83%A9%E3%83%83%E3%82%AF-SIM%E3%83%95%E3%83%AA%E3%83%BC-%E6%95%B4%E5%82%99%E6%B8%88%E8%A3%BD%E5%93%81?fnode=b2a948053e6a7bb5674e9464c71a3b4a53d1c2899a412053122e344278f0b49aff5d8ea751f0ec274013854537c2b360833532d35fc193226205615b2877eba15cd80125d9e36d47308fc1fa2924d10ba89dc1120cd613ed4ba03a36816d14f1,
2026/09/30,Apple整備品,iPhone 15,イエロー,512,100,整備済製品,SIMフリー,○,142800,0,https://www.apple.com/jp/shop/product/ftmw3j/a/iphone-15-512gb-%E3%82%A4%E3%82%A8%E3%83%AD%E3%83%BC-SIM%E3%83%95%E3%83%AA%E3%83%BC-%E6%95%B4%E5%82%99%E6%B8%88%E8%A3%BD%E5%93%81?fnode=b2a948053e6a7bb5674e9464c71a3b4a53d1c2899a412053122e344278f0b49aff5d8ea751f0ec274013854537c2b360833532d35fc193226205615b2877eba15cd80125d9e36d47308fc1fa2924d10ba89dc1120cd613ed4ba03a36816d14f1,
2026/09/30,Apple整備品,iPhone 15 Pro Max,ブラックチタニウム,256,100,整備済製品,SIMフリー,○,151800,0,https://www.apple.com/jp/shop/product/fu6p3j/a/iphone-15-pro-max-256gb-%E3%83%96%E3%83%A9%E3%83%83%E3%82%AF%E3%83%81%E3%82%BF%E3%83%8B%E3%82%A6%E3%83%A0-SIM%E3%83%95%E3%83%AA%E3%83%BC-%E6%95%B4%E5%82%99%E6%B8%88%E8%A3%BD%E5%93%81?fnode=b2a948053e6a7bb5674e9464c71a3b4a53d1c2899a412053122e344278f0b49aff5d8ea751f0ec274013854537c2b360833532d35fc193226205615b2877eba15cd80125d9e36d47308fc1fa2924d10ba89dc1120cd613ed4ba03a36816d14f1,
2026/09/30,Apple整備品,iPhone 15 Pro Max,ホワイトチタニウム,256,100,整備済製品,SIMフリー,○,151800,0,https://www.apple.com/jp/shop/product/fu6q3j/a/iphone-15-pro-max-256gb-%E3%83%9B%E3%83%AF%E3%82%A4%E3%83%88%E3%83%81%E3%82%BF%E3%83%8B%E3%82%A6%E3%83%A0-SIM%E3%83%95%E3%83%AA%E3%83%BC-%E6%95%B4%E5%82%99%E6%B8%88%E8%A3%BD%E5%93%81?fnode=b2a948053e6a7bb5674e9464c71a3b4a53d1c2899a412053122e344278f0b49aff5d8ea751f0ec274013854537c2b360833532d35fc193226205615b2877eba15cd80125d9e36d47308fc1fa2924d10ba89dc1120cd613ed4ba03a36816d14f1,
2026/09/30,Apple整備品,iPhone 15 Pro Max,ナチュラルチタニウム,256,100,整備済製品,SIMフリー,○,151800,0,https://www.apple.com/jp/shop/product/fu6r3j/a/iphone-15-pro-max-256gb-%E3%83%8A%E3%83%81%E3%83%A5%E3%83%A9%E3%83%AB%E3%83%81%E3%82%BF%E3%83%8B%E3%82%A6%E3%83%A0-SIM%E3%83%95%E3%83%AA%E3%83%BC-%E6%95%B4%E5%82%99%E6%B8%88%E8%A3%BD%E5%93%81?fnode=b2a948053e6a7bb5674e9464c71a3b4a53d1c2899a412053122e344278f0b49aff5d8ea751f0ec274013854537c2b360833532d35fc193226205615b2877eba15cd80125d9e36d47308fc1fa2924d10ba89dc1120cd613ed4ba03a36816d14f1,
2026/09/30,Apple整備品,iPhone 15 Pro Max,ブルーチタニウム,256,100,整備済製品,SIMフリー,○,151800,0,https://www.apple.com/jp/shop/product/fu6t3j/a/iphone-15-pro-max-256gb-%E3%83%96%E3%83%AB%E3%83%BC%E3%83%81%E3%82%BF%E3%83%8B%E3%82%A6%E3%83%A0-SIM%E3%83%95%E3%83%AA%E3%83%BC-%E6%95%B4%E5%82%99%E6%B8%88%E8%A3%BD%E5%93%81?fnode=b2a948053e6a7bb5674e9464c71a3b4a53d1c2899a412053122e344278f0b49aff5d8ea751f0ec274013854537c2b360833532d35fc193226205615b2877eba15cd80125d9e36d47308fc1fa2924d10ba89dc1120cd613ed4ba03a36816d14f1,
2026/09/30,Apple整備品,iPhone 15 Plus,ブラック,512,100,整備済製品,SIMフリー,○,156800,0,https://www.apple.com/jp/shop/product/fu0t3j/a/iphone-15-plus-512gb-%E3%83%96%E3%83%A9%E3%83%83%E3%82%AF-SIM%E3%83%95%E3%83%AA%E3%83%BC-%E6%95%B4%E5%82%99%E6%B8%88%E8%A3%BD%E5%93%81?fnode=b2a948053e6a7bb5674e9464c71a3b4a53d1c2899a412053122e344278f0b49aff5d8ea751f0ec274013854537c2b360833532d35fc193226205615b2877eba15cd80125d9e36d47308fc1fa2924d10ba89dc1120cd613ed4ba03a36816d14f1,
2026/09/30,Apple整備品,iPhone 15 Plus,ブルー,512,100,整備済製品,SIMフリー,○,156800,0,https://www.apple.com/jp/shop/product/fu0w3j/a/iphone-15-plus-512gb-%E3%83%96%E3%83%AB%E3%83%BC-SIM%E3%83%95%E3%83%AA%E3%83%BC-%E6%95%B4%E5%82%99%E6%B8%88%E8%A3%BD%E5%93%81?fnode=b2a948053e6a7bb5674e9464c71a3b4a53d1c2899a412053122e344278f0b49aff5d8ea751f0ec274013854537c2b360833532d35fc193226205615b2877eba15cd80125d9e36d47308fc1fa2924d10ba89dc1120cd613ed4ba03a36816d14f1,
2026/09/30,Apple整備品,iPhone 15 Pro,ブラックチタニウム,512,100,整備済製品,SIMフリー,○,163800,0,https://www.apple.com/jp/shop/product/ftuh3j/a/iphone-15-pro-512gb-%E3%83%96%E3%83%A9%E3%83%83%E3%82%AF%E3%83%81%E3%82%BF%E3%83%8B%E3%82%A6%E3%83%A0-SIM%E3%83%95%E3%83%AA%E3%83%BC-%E6%95%B4%E5%82%99%E6%B8%88%E8%A3%BD%E5%93%81?fnode=b2a948053e6a7bb5674e9464c71a3b4a53d1c2899a412053122e344278f0b49aff5d8ea751f0ec274013854537c2b360833532d35fc193226205615b2877eba15cd80125d9e36d47308fc1fa2924d10ba89dc1120cd613ed4ba03a36816d14f1,
2026/09/30,Apple整備品,iPhone 15 Pro Max,ブラックチタニウム,512,100,整備済製品,SIMフリー,○,181800,0,https://www.apple.com/jp/shop/product/fu6u3j/a/iphone-15-pro-max-512gb-%E3%83%96%E3%83%A9%E3%83%83%E3%82%AF%E3%83%81%E3%82%BF%E3%83%8B%E3%82%A6%E3%83%A0-SIM%E3%83%95%E3%83%AA%E3%83%BC-%E6%95%B4%E5%82%99%E6%B8%88%E8%A3%BD%E5%93%81?fnode=b2a948053e6a7bb5674e9464c71a3b4a53d1c2899a412053122e344278f0b49aff5d8ea751f0ec274013854537c2b360833532d35fc193226205615b2877eba15cd80125d9e36d47308fc1fa2924d10ba89dc1120cd613ed4ba03a36816d14f1,
2026/09/30,Apple整備品,iPhone 15 Pro Max,ホワイトチタニウム,512,100,整備済製品,SIMフリー,○,181800,0,https://www.apple.com/jp/shop/product/fu6v3j/a/iphone-15-pro-max-512gb-%E3%83%9B%E3%83%AF%E3%82%A4%E3%83%88%E3%83%81%E3%82%BF%E3%83%8B%E3%82%A6%E3%83%A0-SIM%E3%83%95%E3%83%AA%E3%83%BC-%E6%95%B4%E5%82%99%E6%B8%88%E8%A3%BD%E5%93%81?fnode=b2a948053e6a7bb5674e9464c71a3b4a53d1c2899a412053122e344278f0b49aff5d8ea751f0ec274013854537c2b360833532d35fc193226205615b2877eba15cd80125d9e36d47308fc1fa2924d10ba89dc1120cd613ed4ba03a36816d14f1,
2026/09/30,Apple整備品,iPhone 15 Pro Max,ナチュラルチタニウム,512,100,整備済製品,SIMフリー,○,181800,0,https://www.apple.com/jp/shop/product/fu6w3j/a/iphone-15-pro-max-512gb-%E3%83%8A%E3%83%81%E3%83%A5%E3%83%A9%E3%83%AB%E3%83%81%E3%82%BF%E3%83%8B%E3%82%A6%E3%83%A0-SIM%E3%83%95%E3%83%AA%E3%83%BC-%E6%95%B4%E5%82%99%E6%B8%88%E8%A3%BD%E5%93%81?fnode=b2a948053e6a7bb5674e9464c71a3b4a53d1c2899a412053122e344278f0b49aff5d8ea751f0ec274013854537c2b360833532d35fc193226205615b2877eba15cd80125d9e36d47308fc1fa2924d10ba89dc1120cd613ed4ba03a36816d14f1,
2026/09/30,Apple整備品,iPhone 15 Pro Max,ブルーチタニウム,512,100,整備済製品,SIMフリー,○,181800,0,https://www.apple.com/jp/shop/product/fu6x3j/a/iphone-15-pro-max-512gb-%E3%83%96%E3%83%AB%E3%83%BC%E3%83%81%E3%82%BF%E3%83%8B%E3%82%A6%E3%83%A0-SIM%E3%83%95%E3%83%AA%E3%83%BC-%E6%95%B4%E5%82%99%E6%B8%88%E8%A3%BD%E5%93%81?fnode=b2a948053e6a7bb5674e9464c71a3b4a53d1c2899a412053122e344278f0b49aff5d8ea751f0ec274013854537c2b360833532d35fc193226205615b2877eba15cd80125d9e36d47308fc1fa2924d10ba89dc1120cd613ed4ba03a36816d14f1,
2026/09/30,イオシス,iPhone 15,,128,,,,,10800,0,https://iosys.co.jp/guide/goods/buttery_iphone.html,
2026/09/30,イオシス,iPhone 15,,128,,,,,66800,0,https://iosys.co.jp/items/smartphone/iphone?q=iPhone15,
2026/09/30,イオシス,iPhone 15,イエロー,128,,中古Aランク,SIMフリー,,79800,0,https://iosys.co.jp/items/smartphone/iphone?q=iPhone15,
2026/09/30,イオシス,iPhone 15,ブルー,256,,中古Bランク,SIMフリー,,92800,0,https://iosys.co.jp/items/smartphone/iphone?q=iPhone15,
2026/09/30,イオシス,iPhone 15,イエロー,128,,中古Cランク,SIMフリー,,74800,0,https://iosys.co.jp/items/smartphone/iphone?q=iPhone15,
2026/09/30,イオシス,iPhone 15,ブルー,256,,中古Cランク,SIMフリー,,84800,0,https://iosys.co.jp/items/smartphone/iphone?q=iPhone15,
2026/09/30,イオシス,iPhone 15,イエロー,128,,中古Bランク,SIMフリー,,82800,0,https://iosys.co.jp/items/smartphone/iphone?q=iPhone15,
2026/09/30,イオシス,iPhone 15,ピンク,256,,中古Cランク,SIMフリー,,84800,0,https://iosys.co.jp/items/smartphone/iphone?q=iPhone15,
2026/09/30,イオシス,iPhone 15,ブルー,256,,中古Aランク,SIMフリー,,97800,0,https://iosys.co.jp/items/smartphone/iphone?q=iPhone15,
2026/09/30,イオシス,iPhone 15,ピンク,256,,中古Aランク,SIMフリー,,97800,0,https://iosys.co.jp/items/smartphone/iphone?q=iPhone15,
2026/09/30,イオシス,iPhone 15,グリーン,256,,中古Cランク,SIMフリー,,84800,0,https://iosys.co.jp/items/smartphone/iphone?q=iPhone15,
2026/09/30,イオシス,iPhone 15,ブラック,128,,中古Aランク,SIMフリー,,87800,0,https://iosys.co.jp/items/smartphone/iphone?q=iPhone15,
2026/09/30,イオシス,iPhone 15,グリーン,256,,中古Bランク,SIMフリー,,92800,0,https://iosys.co.jp/items/smartphone/iphone?q=iPhone15,
2026/09/30,イオシス,iPhone 15,ピンク,512,,中古Bランク,SIMフリー,,104800,0,https://iosys.co.jp/items/smartphone/iphone?q=iPhone15,
2026/09/30,イオシス,iPhone 15 Pro,ブルーチタニウム,128,,中古Bランク,SIMフリー,,107800,0,https://iosys.co.jp/items/smartphone/iphone?q=iPhone15,
2026/09/30,イオシス,iPhone 15 Plus,グリーン,512,,中古Bランク,SIMフリー,,102800,0,https://iosys.co.jp/items/smartphone/iphone?q=iPhone15,
2026/09/30,イオシス,iPhone 15 Pro,ナチュラルチタニウム,256,,中古Aランク,SIMフリー,,127800,0,https://iosys.co.jp/items/smartphone/iphone?q=iPhone15,
2026/09/30,イオシス,iPhone 15 Plus,ブラック,128,,中古Bランク,SIMフリー,,82800,0,https://iosys.co.jp/items/smartphone/iphone?q=iPhone15,
2026/09/30,イオシス,iPhone 15,ピンク,128,,中古Bランク,SIMフリー,,82800,0,https://iosys.co.jp/items/smartphone/iphone?q=iPhone15,
2026/09/30,イオシス,iPhone 15 Pro,ブラックチタニウム,256,,中古Cランク,SIMフリー,,109800,0,https://iosys.co.jp/items/smartphone/iphone?q=iPhone15,
2026/09/30,イオシス,iPhone 15,ピンク,512,,中古Cランク,SIMフリー,,94800,0,https://iosys.co.jp/items/smartphone/iphone?q=iPhone15,
2026/09/30,イオシス,iPhone 15,ピンク,256,,中古Bランク,SIMフリー,,92800,0,https://iosys.co.jp/items/smartphone/iphone?q=iPhone15,
2026/09/30,じゃんぱら,iPhone 15,,128,,,,,87980,0,https://www.janpara.co.jp/sale/search/detail/?SRCODE=91051055&SHPCODE=91&TYPE=,
